Japanese,English
今日は少し忙しいです,I’m a bit busy today.
今はこの問題を確認しています,I’m checking this issue. / I'm looking into this issue.
昨日、その件について上司と話しました,I talked to my boss about that yesterday.
時間がなかったので、まだ終わっていません,I haven’t finished it yet because I didn’t have time.
結果は私たちの想定通りでした,The results met our expectations.
いくつか確認すべき点があります,There are a few things we need to check.
もう少し時間をいただけますか？,Could you give me a little more time?
確認でき次第、共有します,I’ll share it once it’s confirmed.
現在、解析は順調に進んでいます,The analysis is going well.
予定通り、明日までに完了する見込みです,We’re on track to finish it by tomorrow.
いくつか小さな問題はありますが、大きなリスクはありません,"There are a few minor issues, but no major risks."
このアルゴリズムはノイズに対して安定しています,This algorithm is robust to noise.
この手法は計算コストを削減できます,This method reduces computational cost.
詳細は次のスライドで説明します,I’ll go into more detail on the next slide.